{"count":1,"self":709.9936256,"total":7208.1279043999994,"children":{"InitializeActuators":{"count":1,"self":0.0045363,"total":0.0045363,"children":null},"InitializeSensors":{"count":1,"self":0.0050338,"total":0.0050338,"children":null},"AgentSendState":{"count":2078551,"self":5.2364632,"total":39.4752394,"children":{"CollectObservations":{"count":415711,"self":15.4736912,"total":15.4736905,"children":null},"WriteActionMask":{"count":415711,"self":0.35372889999999996,"total":0.35372889999999996,"children":null},"RequestDecision":{"count":415711,"self":2.359058,"total":18.411357,"children":{"AgentInfo.ToProto":{"count":415711,"self":3.1712895999999997,"total":16.0522989,"children":{"GenerateSensorData":{"count":415711,"self":12.881009599999999,"total":12.8810094,"children":null}}}}}}},"DecideAction":{"count":2078551,"self":5860.9557503999995,"total":5860.9558277,"children":null},"AgentAct":{"count":2078551,"self":597.6132096,"total":597.6673223,"children":{"AgentInfo.ToProto":{"count":1985,"self":0.0064145,"total":0.054098799999999996,"children":{"GenerateSensorData":{"count":1985,"self":0.0476843,"total":0.0476843,"children":null}}}}},"AgentInfo.ToProto":{"count":684,"self":0.0019982,"total":0.022335999999999998,"children":{"GenerateSensorData":{"count":684,"self":0.0203378,"total":0.0203378,"children":null}}}},"gauges":{"AgentBehavior.CumulativeReward":{"count":2669,"max":24.9567223,"min":-29.6759186,"runningAverage":-6.55986643,"value":-9.20494652,"weightedAverage":-7.955025}},"metadata":{"timer_format_version":"0.1.0","start_time_seconds":"1710491144","unity_version":"2022.3.20f1","command_line_arguments":"C:\\Users\\orhun\\MLProject\\Builds\\0.4.1_44\\MLProject.exe -nographics -batchmode --mlagents-port 5006 -logFile C:\\Users\\orhun\\MLProject\\results\\0.4.1_04-02\\run_logs\\Player-1.log","communication_protocol_version":"1.5.0","com.unity.ml-agents_version":"2.0.1","scene_name":"scene_b040","end_time_seconds":"1710498352"}}