{
    "name": "root",
    "gauges": {
        "DynamicTable.Policy.Entropy.mean": {
            "value": 1.4021471738815308,
            "min": 1.4021470546722412,
            "max": 1.4189387559890747,
            "count": 163
        },
        "DynamicTable.Policy.Entropy.sum": {
            "value": 1357.2784423828125,
            "min": 968.344482421875,
            "max": 1816.241455078125,
            "count": 163
        },
        "DynamicTable.Environment.EpisodeLength.mean": {
            "value": 156.0,
            "min": 39.714285714285715,
            "max": 174.0,
            "count": 163
        },
        "DynamicTable.Environment.EpisodeLength.sum": {
            "value": 1092.0,
            "min": 160.0,
            "max": 1914.0,
            "count": 163
        },
        "DynamicTable.CompletedEpisodes.mean": {
            "value": 73.71428571428571,
            "min": 0.37037037037037035,
            "max": 77.25,
            "count": 163
        },
        "DynamicTable.CompletedEpisodes.sum": {
            "value": 516.0,
            "min": 10.0,
            "max": 757.0,
            "count": 163
        },
        "DynamicTable.WallDifficulty.mean": {
            "value": 0.03249610321862357,
            "min": 0.016566864525278408,
            "max": 0.04310894447068373,
            "count": 163
        },
        "DynamicTable.WallDifficulty.sum": {
            "value": 0.227472722530365,
            "min": 0.04970059357583523,
            "max": 0.8699295343831182,
            "count": 163
        },
        "DynamicTable.AvgStep.mean": {
            "value": 627.8571428571429,
            "min": 41.96296296296296,
            "max": 700.0,
            "count": 163
        },
        "DynamicTable.AvgStep.sum": {
            "value": 4395.0,
            "min": 649.0,
            "max": 7700.0,
            "count": 163
        },
        "DynamicTable.AvgWallNumber.mean": {
            "value": 1.4285714285714286,
            "min": 0.0,
            "max": 2.5,
            "count": 163
        },
        "DynamicTable.AvgWallNumber.sum": {
            "value": 10.0,
            "min": 0.0,
            "max": 37.0,
            "count": 163
        },
        "DynamicTable.HistogramWallNumber.mean": {
            "value": 1.4285714285714286,
            "min": 0.0,
            "max": 2.5,
            "count": 163
        },
        "DynamicTable.HistogramWallNumber.sum": {
            "value": 10.0,
            "min": 0.0,
            "max": 37.0,
            "count": 163
        },
        "DynamicTable.Win.mean": {
            "value": 2.857142857142857,
            "min": 0.0,
            "max": 4.333333333333333,
            "count": 163
        },
        "DynamicTable.Win.sum": {
            "value": 20.0,
            "min": 0.0,
            "max": 32.0,
            "count": 163
        },
        "DynamicTable.WallCrash.mean": {
            "value": 46.714285714285715,
            "min": 0.3333333333333333,
            "max": 54.5,
            "count": 163
        },
        "DynamicTable.WallCrash.sum": {
            "value": 327.0,
            "min": 9.0,
            "max": 519.0,
            "count": 163
        },
        "DynamicTable.Step.mean": {
            "value": 162964.0,
            "min": 989.0,
            "max": 162964.0,
            "count": 163
        },
        "DynamicTable.Step.sum": {
            "value": 162964.0,
            "min": 989.0,
            "max": 162964.0,
            "count": 163
        },
        "DynamicTable.Policy.ExtrinsicValueEstimate.mean": {
            "value": -0.8525854349136353,
            "min": -2.60947322845459,
            "max": 0.6380533576011658,
            "count": 163
        },
        "DynamicTable.Policy.ExtrinsicValueEstimate.sum": {
            "value": -14.493952751159668,
            "min": -61.71664047241211,
            "max": 13.399120330810547,
            "count": 163
        },
        "DynamicTable.Environment.CumulativeReward.mean": {
            "value": -0.7118797788924505,
            "min": -5.016331787656236,
            "max": 1.4992735691164853,
            "count": 163
        },
        "DynamicTable.Environment.CumulativeReward.sum": {
            "value": -4.983158452247153,
            "min": -90.03402034949977,
            "max": 7.4963678455824265,
            "count": 163
        },
        "DynamicTable.Policy.ExtrinsicReward.mean": {
            "value": -0.7118797788924505,
            "min": -5.016331787656236,
            "max": 1.4992735691164853,
            "count": 163
        },
        "DynamicTable.Policy.ExtrinsicReward.sum": {
            "value": -4.983158452247153,
            "min": -90.03402034949977,
            "max": 7.4963678455824265,
            "count": 163
        },
        "DynamicTable.RecentWallNumber.mean": {
            "value": 1.0,
            "min": 0.0,
            "max": 2.0,
            "count": 142
        },
        "DynamicTable.RecentWallNumber.sum": {
            "value": 1.0,
            "min": 0.0,
            "max": 2.0,
            "count": 142
        },
        "DynamicTable.IsTraining.mean": {
            "value": 1.0,
            "min": 1.0,
            "max": 1.0,
            "count": 163
        },
        "DynamicTable.IsTraining.sum": {
            "value": 1.0,
            "min": 1.0,
            "max": 1.0,
            "count": 163
        },
        "DynamicTable.Losses.PolicyLoss.mean": {
            "value": 0.023446978869227073,
            "min": 0.016615381413915505,
            "max": 0.029726488220815857,
            "count": 15
        },
        "DynamicTable.Losses.PolicyLoss.sum": {
            "value": 0.023446978869227073,
            "min": 0.016615381413915505,
            "max": 0.029726488220815857,
            "count": 15
        },
        "DynamicTable.Losses.ValueLoss.mean": {
            "value": 0.14337019771337509,
            "min": 0.14337019771337509,
            "max": 1.0572705248991647,
            "count": 15
        },
        "DynamicTable.Losses.ValueLoss.sum": {
            "value": 0.14337019771337509,
            "min": 0.14337019771337509,
            "max": 1.0572705248991647,
            "count": 15
        },
        "DynamicTable.Policy.LearningRate.mean": {
            "value": 0.0009845875015412505,
            "min": 0.0009845875015412505,
            "max": 0.0009989720001028,
            "count": 15
        },
        "DynamicTable.Policy.LearningRate.sum": {
            "value": 0.0009845875015412505,
            "min": 0.0009845875015412505,
            "max": 0.0009989720001028,
            "count": 15
        },
        "DynamicTable.Policy.Epsilon.mean": {
            "value": 0.19845875000000007,
            "min": 0.19845875000000007,
            "max": 0.19989719999999994,
            "count": 15
        },
        "DynamicTable.Policy.Epsilon.sum": {
            "value": 0.19845875000000007,
            "min": 0.19845875000000007,
            "max": 0.19989719999999994,
            "count": 15
        },
        "DynamicTable.Policy.Beta.mean": {
            "value": 0.004923091624999998,
            "min": 0.004923091624999998,
            "max": 0.00499487028,
            "count": 15
        },
        "DynamicTable.Policy.Beta.sum": {
            "value": 0.004923091624999998,
            "min": 0.004923091624999998,
            "max": 0.00499487028,
            "count": 15
        }
    },
    "metadata": {
        "timer_format_version": "0.1.0",
        "start_time_seconds": "1711924590",
        "python_version": "3.9.13 (main, Oct 13 2022, 21:23:06) [MSC v.1916 64 bit (AMD64)]",
        "command_line_arguments": "C:\\Users\\orhun\\anaconda3\\envs\\mlagents\\Scripts\\mlagents-learn config-test.yaml --force",
        "mlagents_version": "0.30.0",
        "mlagents_envs_version": "0.30.0",
        "communication_protocol_version": "1.5.0",
        "pytorch_version": "2.2.1",
        "numpy_version": "1.21.2",