{
    "name": "root",
    "gauges": {
        "DynamicTable.Policy.Entropy.mean": {
            "value": 1.4207247495651245,
            "min": 1.4207247495651245,
            "max": 1.4207247495651245,
            "count": 2
        },
        "DynamicTable.Policy.Entropy.sum": {
            "value": 7080.89208984375,
            "min": 1954.917236328125,
            "max": 7080.89208984375,
            "count": 2
        },
        "DynamicTable.Custom.CompletedEpisodes.mean": {
            "value": 35.4296875,
            "min": 5.5,
            "max": 35.4296875,
            "count": 2
        },
        "DynamicTable.Custom.CompletedEpisodes.sum": {
            "value": 4535.0,
            "min": 209.0,
            "max": 4535.0,
            "count": 2
        },
        "DynamicTable.Custom.WallDifficulty.mean": {
            "value": 0.35066003155952785,
            "min": 0.3318075724436264,
            "max": 0.35066003155952785,
            "count": 2
        },
        "DynamicTable.Custom.WallDifficulty.sum": {
            "value": 44.884484039619565,
            "min": 12.608687752857804,
            "max": 44.884484039619565,
            "count": 2
        },
        "DynamicTable.Custom.AvgStep.mean": {
            "value": 157.8515625,
            "min": 140.0,
            "max": 157.8515625,
            "count": 2
        },
        "DynamicTable.Custom.AvgStep.sum": {
            "value": 20205.0,
            "min": 5320.0,
            "max": 20205.0,
            "count": 2
        },
        "DynamicTable.Custom.AvgWallNumber.mean": {
            "value": 11.9765625,
            "min": 9.894736842105264,
            "max": 11.9765625,
            "count": 2
        },
        "DynamicTable.Custom.AvgWallNumber.sum": {
            "value": 1533.0,
            "min": 376.0,
            "max": 1533.0,
            "count": 2
        },
        "DynamicTable.Custom.Win.mean": {
            "value": 0.5078125,
            "min": 0.07894736842105263,
            "max": 0.5078125,
            "count": 2
        },
        "DynamicTable.Custom.Win.sum": {
            "value": 65.0,
            "min": 3.0,
            "max": 65.0,
            "count": 2
        },
        "DynamicTable.Custom.WallCrash.mean": {
            "value": 5.96875,
            "min": 1.105263157894737,
            "max": 5.96875,
            "count": 2
        },
        "DynamicTable.Custom.WallCrash.sum": {
            "value": 764.0,
            "min": 42.0,
            "max": 764.0,
            "count": 2
        },
        "DynamicTable.Custom.Freq.mean": {
            "value": 36.23381544649601,
            "min": 30.936666338067305,
            "max": 36.23381544649601,
            "count": 2
        },
        "DynamicTable.Custom.Freq.sum": {
            "value": 4637.928377151489,
            "min": 1175.5933208465576,
            "max": 4637.928377151489,
            "count": 2
        },
        "DynamicTable.Environment.EpisodeLength.mean": {
            "value": 39.51239669421488,
            "min": 39.03125,
            "max": 39.51239669421488,
            "count": 2
        },
        "DynamicTable.Environment.EpisodeLength.sum": {
            "value": 4781.0,
            "min": 1249.0,
            "max": 4781.0,
            "count": 2
        },
        "DynamicTable.Step.mean": {
            "value": 34979.0,
            "min": 29988.0,
            "max": 34979.0,
            "count": 2
        },
        "DynamicTable.Step.sum": {
            "value": 34979.0,
            "min": 29988.0,
            "max": 34979.0,
            "count": 2
        },
        "DynamicTable.Policy.ExtrinsicValueEstimate.mean": {
            "value": 1.8427674770355225,
            "min": 1.8427674770355225,
            "max": 1.8881607055664062,
            "count": 2
        },
        "DynamicTable.Policy.ExtrinsicValueEstimate.sum": {
            "value": 283.78619384765625,
            "min": 71.75010681152344,
            "max": 283.78619384765625,
            "count": 2
        },
        "DynamicTable.Environment.CumulativeReward.mean": {
            "value": -0.5182373835021236,
            "min": -0.5182373835021236,
            "max": -0.41123395422067505,
            "count": 2
        },
        "DynamicTable.Environment.CumulativeReward.sum": {
            "value": -63.22496078725908,
            "min": -63.22496078725908,
            "max": -12.748252580840926,
            "count": 2
        },
        "DynamicTable.Policy.ExtrinsicReward.mean": {
            "value": -0.5182373835021236,
            "min": -0.5182373835021236,
            "max": -0.41123395422067505,
            "count": 2
        },
        "DynamicTable.Policy.ExtrinsicReward.sum": {
            "value": -63.22496078725908,
            "min": -63.22496078725908,
            "max": -12.748252580840926,
            "count": 2
        },
        "DynamicTable.IsTraining.mean": {
            "value": 1.0,
            "min": 1.0,
            "max": 1.0,
            "count": 2
        },
        "DynamicTable.IsTraining.sum": {
            "value": 1.0,
            "min": 1.0,
            "max": 1.0,
            "count": 2
        }
    },
    "metadata": {
        "timer_format_version": "0.1.0",
        "start_time_seconds": "1712507469",
        "python_version": "3.9.13 (main, Oct 13 2022, 21:23:06) [MSC v.1916 64 bit (AMD64)]",
        "command_line_arguments": "C:\\Users\\orhun\\anaconda3\\envs\\mlagents\\Scripts\\mlagents-learn config.yaml --resume",
        "mlagents_version": "0.30.0",
        "mlagents_envs_version": "0.30.0",
        "communication_protocol_version": "1.5.0",
        "pytorch_version": "2.2.1",
        "numpy_version": "1.21.2",
        "end_time_seconds": "1712507683"
    },
    "total": 214.1055904,
    "count": 1,
    "self": 0.011506499999995867,
    "children": {
        "run_training.setup": {
            "total": 0.1052679999999997,
            "count": 1,
            "self": 0.1052679999999997
        },
        "TrainerController.start_learning": {
            "total": 213.98881590000002,
            "count": 1,
            "self": 0.05492220000004977,
            "children": {
                "TrainerController._reset_env": {
                    "total": 14.9604478,
                    "count": 1,
                    "self": 14.9604478
                },
                "TrainerController.advance": {
                    "total": 198.5110551,
                    "count": 2092,
                    "self": 0.04925319999975386,
                    "children": {
                        "env_step": {
                            "total": 196.13309030000028,
                            "count": 2092,
                            "self": 186.75066929999915,
                            "children": {
                                "SubprocessEnvManager._take_step": {
                                    "total": 9.341996300000357,
                                    "count": 2092,
                                    "self": 0.20913200000053322,
                                    "children": {
                                        "TorchPolicy.evaluate": {
                                            "total": 9.132864299999824,
                                            "count": 1951,
                                            "self": 9.132864299999824
                                        }
                                    }
                                },
                                "workers": {
                                    "total": 0.04042470000076648,
                                    "count": 2091,
                                    "self": 0.0,
                                    "children": {
                                        "worker_root": {
                                            "total": 184.36212839999988,
                                            "count": 2091,