{"count":1,"self":132.253888,"total":149.14248809999998,"children":{"InitializeActuators":{"count":1,"self":0.0035204,"total":0.0035204,"children":null},"InitializeSensors":{"count":1,"self":0.0045378,"total":0.0045378,"children":null},"AgentSendState":{"count":7115,"self":0.15783429999999998,"total":0.2963443,"children":{"CollectObservations":{"count":1779,"self":0.084818999999999992,"total":0.084818999999999992,"children":null},"WriteActionMask":{"count":1779,"self":0.0030234999999999997,"total":0.0030234999999999997,"children":null},"RequestDecision":{"count":1779,"self":0.0506675,"total":0.0506675,"children":null}}},"DecideAction":{"count":7115,"self":4.8831967999999994,"total":5.1193817,"children":{"RayPerceptionSensor.Perceive":{"count":1779,"self":0.23618509999999998,"total":0.23618509999999998,"children":null}}},"AgentAct":{"count":7115,"self":11.463805599999999,"total":11.463805299999999,"children":null}},"gauges":{"Dynamic Table.CumulativeReward":{"count":32,"max":2.1085732,"min":0.00120392756,"runningAverage":1.84502017,"value":0.0424324535,"weightedAverage":1.51759064}},"metadata":{"timer_format_version":"0.1.0","start_time_seconds":"1715372018","unity_version":"2022.3.20f1","command_line_arguments":"C:\\Program Files\\Unity\\Hub\\Editor\\2022.3.20f1\\Editor\\Unity.exe -projectpath C:\\Users\\orhun\\OneDrive\\Belgeler\\GitHub\\Dynamic-Table -useHub -hubIPC -cloudEnvironment production -licensingIpc LicenseClient-orhun -hubSessionId 38099380-f866-4b21-a771-7770805050cc -accessToken 5GpIaOUPmhH1uAJ31rke_69qPE0Sc6n12IKyVdgHA8Q011f","communication_protocol_version":"1.5.0","com.unity.ml-agents_version":"2.0.1","scene_name":"scene_v090","end_time_seconds":"1715372167"}}