{"count":1,"self":134.4140928,"total":142.7820041,"children":{"InitializeActuators":{"count":3,"self":0.0030247,"total":0.0030247,"children":null},"InitializeSensors":{"count":3,"self":0.0049997,"total":0.0049997,"children":null},"AgentSendState":{"count":7089,"self":0.075739199999999993,"total":0.5214078,"children":{"CollectObservations":{"count":2187,"self":0.41281049999999997,"total":0.41281049999999997,"children":null},"WriteActionMask":{"count":2187,"self":0.0072197999999999993,"total":0.0072197999999999993,"children":null},"RequestDecision":{"count":2187,"self":0.0256383,"total":0.0256383,"children":null}}},"DecideAction":{"count":7089,"self":0.42441629999999997,"total":0.42441629999999997,"children":null},"AgentAct":{"count":7089,"self":7.4095584,"total":7.4095584999999993,"children":null}},"gauges":{"AgentBehavior.CumulativeReward":{"count":33,"max":54.6319046,"min":-16.1341915,"runningAverage":-4.11840343,"value":-15,"weightedAverage":-8.879009}},"metadata":{"timer_format_version":"0.1.0","start_time_seconds":"1710096243","unity_version":"2022.3.20f1","command_line_arguments":"C:\\Users\\orhun\\MLProject\\Builds\\0.3.0\\MLProject.exe","communication_protocol_version":"1.5.0","com.unity.ml-agents_version":"2.0.1","scene_name":"scene_v030","end_time_seconds":"1710096386"}}