{"count":1,"self":117.1679104,"total":143.12511419999998,"children":{"InitializeActuators":{"count":9,"self":0.0079992999999999991,"total":0.0079992999999999991,"children":null},"InitializeSensors":{"count":9,"self":0.0055796,"total":0.0055796,"children":null},"AgentSendState":{"count":7096,"self":0.1251978,"total":1.0815109,"children":{"CollectObservations":{"count":5328,"self":0.88712119999999994,"total":0.88712119999999994,"children":null},"WriteActionMask":{"count":5328,"self":0.0065144999999999995,"total":0.0065144999999999995,"children":null},"RequestDecision":{"count":5328,"self":0.0626774,"total":0.0626774,"children":null}}},"DecideAction":{"count":7096,"self":0.8855476,"total":0.8855476,"children":null},"AgentAct":{"count":7096,"self":23.9747408,"total":23.974740999999998,"children":null}},"gauges":{"AgentBehavior.CumulativeReward":{"count":97,"max":54.5477142,"min":-15,"runningAverage":-10.4272156,"value":-15,"weightedAverage":-10.8698368}},"metadata":{"timer_format_version":"0.1.0","start_time_seconds":"1710096246","unity_version":"2022.3.20f1","command_line_arguments":"C:\\Users\\orhun\\MLProject\\Builds\\0.2.2\\MLProject.exe","communication_protocol_version":"1.5.0","com.unity.ml-agents_version":"2.0.1","scene_name":"SampleScene","end_time_seconds":"1710096389"}}