{
    "name": "root",
    "gauges": {
        "DynamicTable.Policy.Entropy.mean": {
            "value": 1.4673289060592651,
            "min": 1.4625897407531738,
            "max": 1.4687774181365967,
            "count": 178
        },
        "DynamicTable.Policy.Entropy.sum": {
            "value": 14626.3349609375,
            "min": 6906.2626953125,
            "max": 15606.8447265625,
            "count": 178
        },
        "DynamicTable.Environment.EpisodeLength.mean": {
            "value": 60.55621301775148,
            "min": 46.648648648648646,
            "max": 73.23008849557522,
            "count": 178
        },
        "DynamicTable.Environment.EpisodeLength.sum": {
            "value": 10234.0,
            "min": 1726.0,
            "max": 10737.0,
            "count": 178
        },
        "DynamicTable.Step.mean": {
            "value": 4559988.0,
            "min": 2789936.0,
            "max": 4559988.0,
            "count": 178
        },
        "DynamicTable.Step.sum": {
            "value": 4559988.0,
            "min": 2789936.0,
            "max": 4559988.0,
            "count": 178
        },
        "DynamicTable.Policy.ExtrinsicValueEstimate.mean": {
            "value": 1.3623926639556885,
            "min": 1.0484507083892822,
            "max": 1.4458526372909546,
            "count": 178
        },
        "DynamicTable.Policy.ExtrinsicValueEstimate.sum": {
            "value": 309.26312255859375,
            "min": 53.30733871459961,
            "max": 335.43780517578125,
            "count": 178
        },
        "DynamicTable.Environment.CumulativeReward.mean": {
            "value": 1.678003339891381,
            "min": 1.3796507028307157,
            "max": 1.9712746272215973,
            "count": 178
        },
        "DynamicTable.Environment.CumulativeReward.sum": {
            "value": 285.26056778153475,
            "min": 72.9371612071991,
            "max": 333.36281238806623,
            "count": 178
        },
        "DynamicTable.Policy.ExtrinsicReward.mean": {
            "value": 1.678003339891381,
            "min": 1.3796507028307157,
            "max": 1.9712746272215973,
            "count": 178
        },
        "DynamicTable.Policy.ExtrinsicReward.sum": {
            "value": 285.26056778153475,
            "min": 72.9371612071991,
            "max": 333.36281238806623,
            "count": 178
        },
        "DynamicTable.IsTraining.mean": {
            "value": 1.0,
            "min": 1.0,
            "max": 1.0,
            "count": 178
        },
        "DynamicTable.IsTraining.sum": {
            "value": 1.0,
            "min": 1.0,
            "max": 1.0,
            "count": 178
        },
        "DynamicTable.Losses.PolicyLoss.mean": {
            "value": 0.02035554395018456,
            "min": 0.013323194334710327,
            "max": 0.03235181414832671,
            "count": 172
        },
        "DynamicTable.Losses.PolicyLoss.sum": {
            "value": 0.02035554395018456,
            "min": 0.013323194334710327,
            "max": 0.03235181414832671,
            "count": 172
        },
        "DynamicTable.Losses.ValueLoss.mean": {
            "value": 0.07875064971546332,
            "min": 0.05936844324072202,
            "max": 6.0025994896888735,
            "count": 172
        },
        "DynamicTable.Losses.ValueLoss.sum": {
            "value": 0.07875064971546332,
            "min": 0.05936844324072202,
            "max": 6.0025994896888735,
            "count": 172
        },
        "DynamicTable.Policy.LearningRate.mean": {
            "value": 0.00016331506556166003,
            "min": 0.00016331506556166003,
            "max": 0.00021604844798386,
            "count": 172
        },
        "DynamicTable.Policy.LearningRate.sum": {
            "value": 0.00016331506556166003,
            "min": 0.00016331506556166003,
            "max": 0.00021604844798386,
            "count": 172
        },
        "DynamicTable.Policy.Epsilon.mean": {
            "value": 0.15443834000000004,
            "min": 0.15443834000000004,
            "max": 0.17201614000000007,
            "count": 172
        },
        "DynamicTable.Policy.Epsilon.sum": {
            "value": 0.15443834000000004,
            "min": 0.15443834000000004,
            "max": 0.17201614000000007,
            "count": 172
        },
        "DynamicTable.Policy.Beta.mean": {
            "value": 0.0027264731660000003,
            "min": 0.0027264731660000003,
            "max": 0.0036036053860000017,
            "count": 172
        },
        "DynamicTable.Policy.Beta.sum": {
            "value": 0.0027264731660000003,
            "min": 0.0027264731660000003,
            "max": 0.0036036053860000017,
            "count": 172
        }
    },
    "metadata": {
        "timer_format_version": "0.1.0",
        "start_time_seconds": "1711702494",
        "python_version": "3.10.12 (main, Nov 20 2023, 15:14:05) [GCC 11.4.0]",
        "command_line_arguments": "/usr/local/bin/mlagents-learn /content/config.yaml --resume",
        "mlagents_version": "1.0.0",
        "mlagents_envs_version": "1.0.0",
        "communication_protocol_version": "1.5.0",
        "pytorch_version": "2.2.1+cu121",
        "numpy_version": "1.22.3",
        "end_time_seconds": "1711722548"
    },
    "total": 20054.676141435004,
    "count": 1,
    "self": 6.561132771013945,
    "children": {
        "run_training.setup": {
            "total": 1.255499939994479,
            "count": 1,
            "self": 1.255499939994479
        },
        "TrainerController.start_learning": {
            "total": 20046.859508723996,
            "count": 1,
            "self": 70.0940331227248,
            "children": {
                "TrainerController._reset_env": {
                    "total": 15.902575160995184,
                    "count": 1,
                    "self": 15.902575160995184
                },
                "TrainerController.advance": {
                    "total": 19959.43273790027,
                    "count": 128827,
                    "self": 56.56291011938447,
                    "children": {
                        "env_step": {
                            "total": 16792.54866885214,
                            "count": 128827,
                            "self": 7731.543239739323,
                            "children": {
                                "SubprocessEnvManager._take_step": {
                                    "total": 8993.260398377279,
                                    "count": 465323,
                                    "self": 494.41692595294444,
                                    "children": {
                                        "TorchPolicy.evaluate": {
                                            "total": 8498.843472424334,
                                            "count": 444069,
                                            "self": 8498.843472424334
                                        }
                                    }
                                },
                                "workers": {
                                    "total": 67.74503073553933,
                                    "count": 128827,
                                    "self": 0.0,
                                    "children": {
                                        "worker_root": {
                                            "total": 400887.393486869,
                                            "count": 465311,
                                            "is_parallel": true,
                                            "self": 111574.87662292045,
                                            "children": {
                                                "run_training.setup": {
                                                    "total": 0.0,
                                                    "count": 0,
                                                    "is_parallel": true,