{
    "name": "root",
    "gauges": {
        "DynamicTable.Policy.Entropy.mean": {
            "value": 1.4680215120315552,
            "min": 1.4664615392684937,
            "max": 1.4697033166885376,
            "count": 165
        },
        "DynamicTable.Policy.Entropy.sum": {
            "value": 14815.2734375,
            "min": 13743.595703125,
            "max": 15411.2255859375,
            "count": 165
        },
        "DynamicTable.Environment.EpisodeLength.mean": {
            "value": 55.03888888888889,
            "min": 47.43939393939394,
            "max": 60.91379310344828,
            "count": 165
        },
        "DynamicTable.Environment.EpisodeLength.sum": {
            "value": 9907.0,
            "min": 6262.0,
            "max": 10599.0,
            "count": 165
        },
        "DynamicTable.Step.mean": {
            "value": 6209988.0,
            "min": 4569942.0,
            "max": 6209988.0,
            "count": 165
        },
        "DynamicTable.Step.sum": {
            "value": 6209988.0,
            "min": 4569942.0,
            "max": 6209988.0,
            "count": 165
        },
        "DynamicTable.Policy.ExtrinsicValueEstimate.mean": {
            "value": 1.3772951364517212,
            "min": 1.2228586673736572,
            "max": 1.6346187591552734,
            "count": 165
        },
        "DynamicTable.Policy.ExtrinsicValueEstimate.sum": {
            "value": 315.40057373046875,
            "min": 232.2894744873047,
            "max": 369.423828125,
            "count": 165
        },
        "DynamicTable.Environment.CumulativeReward.mean": {
            "value": 1.8747902766440043,
            "min": 0.9682235820965376,
            "max": 2.219391785548806,
            "count": 165
        },
        "DynamicTable.Environment.CumulativeReward.sum": {
            "value": 337.4622497959208,
            "min": 174.28024477737677,
            "max": 428.34261461091955,
            "count": 165
        },
        "DynamicTable.Policy.ExtrinsicReward.mean": {
            "value": 1.8747902766440043,
            "min": 0.9682235820965376,
            "max": 2.219391785548806,
            "count": 165
        },
        "DynamicTable.Policy.ExtrinsicReward.sum": {
            "value": 337.4622497959208,
            "min": 174.28024477737677,
            "max": 428.34261461091955,
            "count": 165
        },
        "DynamicTable.IsTraining.mean": {
            "value": 1.0,
            "min": 1.0,
            "max": 1.0,
            "count": 165
        },
        "DynamicTable.IsTraining.sum": {
            "value": 1.0,
            "min": 1.0,
            "max": 1.0,
            "count": 165
        },
        "DynamicTable.Losses.PolicyLoss.mean": {
            "value": 0.029792434923971694,
            "min": 0.016186374147461418,
            "max": 0.03390851190682345,
            "count": 160
        },
        "DynamicTable.Losses.PolicyLoss.sum": {
            "value": 0.029792434923971694,
            "min": 0.016186374147461418,
            "max": 0.03390851190682345,
            "count": 160
        },
        "DynamicTable.Losses.ValueLoss.mean": {
            "value": 0.09454291289051374,
            "min": 0.056657952691117924,
            "max": 16.179291984438898,
            "count": 160
        },
        "DynamicTable.Losses.ValueLoss.sum": {
            "value": 0.09454291289051374,
            "min": 0.056657952691117924,
            "max": 16.179291984438898,
            "count": 160
        },
        "DynamicTable.Policy.LearningRate.mean": {
            "value": 0.00011381214206263996,
            "min": 0.00011381214206263996,
            "max": 0.00016281967572679006,
            "count": 160
        },
        "DynamicTable.Policy.LearningRate.sum": {
            "value": 0.00011381214206263996,
            "min": 0.00011381214206263996,
            "max": 0.00016281967572679006,
            "count": 160
        },
        "DynamicTable.Policy.Epsilon.mean": {
            "value": 0.13793736000000004,
            "min": 0.13793736000000004,
            "max": 0.15427321000000005,
            "count": 160
        },
        "DynamicTable.Policy.Epsilon.sum": {
            "value": 0.13793736000000004,
            "min": 0.13793736000000004,
            "max": 0.15427321000000005,
            "count": 160
        },
        "DynamicTable.Policy.Beta.mean": {
            "value": 0.001903074264,
            "min": 0.001903074264,
            "max": 0.0027182331789999997,
            "count": 160
        },
        "DynamicTable.Policy.Beta.sum": {
            "value": 0.001903074264,
            "min": 0.001903074264,
            "max": 0.0027182331789999997,
            "count": 160
        }
    },
    "metadata": {
        "timer_format_version": "0.1.0",
        "start_time_seconds": "1711722580",
        "python_version": "3.10.12 (main, Nov 20 2023, 15:14:05) [GCC 11.4.0]",
        "command_line_arguments": "/usr/local/bin/mlagents-learn /content/config.yaml --resume",
        "mlagents_version": "1.0.0",
        "mlagents_envs_version": "1.0.0",
        "communication_protocol_version": "1.5.0",
        "pytorch_version": "2.2.1+cu121",
        "numpy_version": "1.22.3",
        "end_time_seconds": "1711741321"
    },
    "total": 18740.644898229002,
    "count": 1,
    "self": 6.012049179000314,
    "children": {
        "run_training.setup": {
            "total": 1.4598043340010918,
            "count": 1,
            "self": 1.4598043340010918
        },
        "TrainerController.start_learning": {
            "total": 18733.173044716,
            "count": 1,
            "self": 63.82169981671905,
            "children": {
                "TrainerController._reset_env": {
                    "total": 16.171353965997696,
                    "count": 1,
                    "self": 16.171353965997696
                },
                "TrainerController.advance": {
                    "total": 18652.37742888029,
                    "count": 108321,
                    "self": 47.459343319576874,
                    "children": {
                        "env_step": {
                            "total": 15690.340157833227,
                            "count": 108321,
                            "self": 7026.633721107908,
                            "children": {
                                "SubprocessEnvManager._take_step": {
                                    "total": 8600.999745676942,
                                    "count": 434981,
                                    "self": 506.5216379854828,
                                    "children": {
                                        "TorchPolicy.evaluate": {
                                            "total": 8094.478107691459,
                                            "count": 413330,
                                            "self": 8094.478107691459
                                        }
                                    }
                                },
                                "workers": {
                                    "total": 62.70669104837725,
                                    "count": 108320,
                                    "self": 0.0,
                                    "children": {
                                        "worker_root": {
                                            "total": 374641.4925247673,
                                            "count": 434967,
                                            "is_parallel": true,
                                            "self": 113444.0558607963,
                                            "children": {
                                                "run_training.setup": {
                                                    "total": 0.0,
                                                    "count": 0,
                                                    "is_parallel": true,