{"count":1,"self":2.4323656,"total":2.5194935,"children":{"InitializeActuators":{"count":1,"self":0.0030185999999999998,"total":0.0030185999999999998,"children":null},"InitializeSensors":{"count":1,"self":0.0019990999999999997,"total":0.0019990999999999997,"children":null},"AgentSendState":{"count":79,"self":0.0030004999999999997,"total":0.012391,"children":{"CollectObservations":{"count":16,"self":0.0048419,"total":0.0048419,"children":null},"WriteActionMask":{"count":16,"self":0.0010012999999999999,"total":0.0010012999999999999,"children":null},"RequestDecision":{"count":16,"self":0.0035472999999999998,"total":0.0035472999999999998,"children":null}}},"DecideAction":{"count":79,"self":0.0067081,"total":0.0067081,"children":null},"AgentAct":{"count":79,"self":0.0610126,"total":0.0610126,"children":null}},"gauges":{},"metadata":{"timer_format_version":"0.1.0","start_time_seconds":"1717016797","unity_version":"2022.3.20f1","command_line_arguments":"C:\\Users\\orhun\\OneDrive\\Belgeler\\GitHub\\Dynamic-Table\\Docs\\Old Files\\Builds\\0.4.1_5\\MLProject.exe","communication_protocol_version":"1.5.0","com.unity.ml-agents_version":"2.0.1","scene_name":"scene_b040","end_time_seconds":"1717016799"}}